,Title,Description,Date,Source,Urls
0,Banks Said To Ask RBI To Delay April Liquidity Rule,"The request will be made through the Confederation of Indian Industry, which will meet recently-appointed RBI Governor Sanjay Malhotra in the coming days.",32 minutes ago,— Bloomberg Quint,https://www.ndtvprofit.com/business/banks-said-to-ask-rbi-to-delay-april-liquidity-rule
1,"HUL Q3 Preview: Weak urban demand continues to weigh on earnings as PAT, revenue seen muted","Hindustan Unilever Ltd (HUL) is expected to report subdued Q3 earnings for December 2024 due to weak urban demand, despite gradual rural recovery. Revenues are projected to grow by 2% YoY with a 3% rise in PAT. Analysts anticipate a 1% underlying volume growth, affected by price hikes in soaps and tea.",38 minutes ago,— Economic Times,https://economictimes.indiatimes.com/markets/stocks/earnings/hul-q3-preview-weak-urban-demand-continues-to-weigh-on-earnings-as-pat-revenue-seen-muted/articleshow/117420062.cms
2,Budget 2025: Customs Duty Rates On Range Of Imported Goods To Be Rejigged — Profit Exclusive,"According to people in the know, the government may take a call on extending the custom duty exemption on at least 30 items.",39 minutes ago,— Bloomberg Quint,https://www.ndtvprofit.com/budget/budget-2025-custom-duty-rates-on-range-of-imported-goods-to-be-rejigged
3,Share price of DLF  as Nifty,"A total of 22,251 shares changed hands on the counter till 12:59PM (IST).",42 minutes ago,— Economic Times,https://economictimes.indiatimes.com/markets/stocks/stock-watch/share-price-of-dlf-as-nifty/articleshow/117419930.cms
4,Trent Shares Fall For Second Day Becoming Worst Nifty 50 Performer So Far,"Despite a stellar 133% stock return in 2024, largely due to Zudio, Trent's stock has been the worst performer of the Nifty 50 in 2025, falling 17.02% this month alone.",55 minutes ago,— Bloomberg Quint,https://www.ndtvprofit.com/markets/trent-shares-fall-for-second-day-becoming-worst-nifty-50-performer-so-far
5,SBI Nifty Bank Index Fund NFO is open for subscription. 10 things to know,"SBI Mutual Fund launches the SBI Nifty Bank Index Fund, offering passive investment in India's top banks. With a minimum investment of Rs 5,000, it aims for long-term capital appreciation.",56 minutes ago,— Economic Times,https://economictimes.indiatimes.com/markets/options/sbi-nifty-bank-index-fund-nfo-is-open-for-subscription-10-things-to-know/slideshow/117419847.cms
6,Divis Labs shares  1.83 per cent in Tuesday's trading session,The Relative Strength Index of the stock stood at 48.29 on Tuesday.,1 hour ago,— Economic Times,https://economictimes.indiatimes.com/markets/stocks/stock-watch/divis-labs-shares-1-83-per-cent-in-tuesdays-trading-session/articleshow/117419047.cms
7,A.P. Chandrababu Naidu meets Lakshmi Mittal at Davos,,1 hour ago,— The Hindu Business,https://www.thehindu.com/news/national/andhra-pradesh/ap-chandrababu-naidu-meets-lakshmi-mittal-at-davos/article69122312.ece
8,LTIMindtree president and board member Sudhir Chaturvedi quits,The company’s chief operating officer Nachiket Deshpande will now be the frontrunner to succeed CEO Debashis Chatterjee who is expected to retire by the end of the year,1 hour ago,— The Hindu Business,https://www.thehindu.com/sci-tech/technology/ltimindtree-president-and-board-member-sudhir-chaturvedi-quits/article69122582.ece
9,Neeraj Dewan on market outlook and stock opportunities in Trump 2.0 Era,"Neeraj Dewan highlights global volatility under Trump 2.0, India's economic slowdown, and sector-specific opportunities like midcaps, defense, infrastructure, and PSU banks, with a focus on long-term investment strategies.",1 hour ago,— Economic Times,https://economictimes.indiatimes.com/markets/stocks/news/neeraj-dewan-on-market-outlook-and-stock-opportunities-in-trump-2-0-era/slideshow/117419254.cms
10,Stock Of The Day: Oberoi Realty Shares Test Key 200-DMA After 20% Fall In 2025,The consolidated net profit of Oberoi Realty jumped 72% year-on-year in the third quarter of the current financial year.,1 hour ago,— Bloomberg Quint,https://www.ndtvprofit.com/markets/stock-of-the-day-oberoi-realty-shares-test-key-200-dma-after-20-fall-in-2025
11,"Six Stocks In News At Noon: Dixon Technologies, HAL, MCX, Newgen Software, Tata Steel, Zomato","Dixon Technologies India Ltd., Hindustan Aeronautics Ltd., Multi Commodity Exchange of India, Newgen Software Technologies Ltd., and Zomato Ltd.'s share prices were in news around noon.",1 hour ago,— Bloomberg Quint,https://www.ndtvprofit.com/markets/six-stocks-in-news-at-noon-dixon-technologies-hal-mcx-newgen-software-tata-steel-zomato
12,"China stocks, yuan cautiously firm after Trump delays tariffs","Chinese stocks and the yuan rose as Trump did not impose trade tariffs at his inauguration. However, he directed federal agencies to investigate unfair trade practices and hinted at future tariffs on imports from Canada and Mexico. Investors remain cautious as the US-China relations are still uncertain. Stocks showed mixed performance with some tech shares rising.",1 hour ago,— Economic Times,https://economictimes.indiatimes.com/markets/stocks/news/china-stocks-yuan-cautiously-firm-after-trump-delays-tariffs/articleshow/117418806.cms
13,Global investors eyeing cheaper alternatives as India’s valuations stay high: Manishi Raychaudhuri,"​When you look at the relative valuations, India in relation to Asia ex-Japan, that argument becomes even more egregious. India is on a forward PE basis trading at about 62% premium to Asia ex-Japan. The long-term average is 38%. On price to book it is between 80% to 90% premium.",1 hour ago,— Economic Times,https://economictimes.indiatimes.com/markets/expert-view/global-investors-eyeing-cheaper-alternatives-as-indias-valuations-stay-high-manishi-raychaudhuri/articleshow/117418458.cms
14,Can Zomato shares fall another 39% to as low as Rs 130? Macquarie thinks so,"Shares of Zomato plummeted by as much as 9.3% to Rs 218.45 on the BSE, wiping out recent gains, as several brokerages downgraded the stock following its disappointing Q3 earnings.",1 hour ago,— Economic Times,https://economictimes.indiatimes.com/markets/stocks/news/can-zomato-shares-fall-another-39-to-as-low-as-rs-130-macquarie-thinks-so/articleshow/117418197.cms
15,Trump 2.0: UBS' Base Case For US Economy Stands At 'Growth Despite Tariffs',"On the bond side, UBS anticipates a decline in the 10-year US Treasury yield, forecasting it will fall to 4% in 2025.",1.5 hours ago,— Bloomberg Quint,https://www.ndtvprofit.com/business/trump-20-ubs-base-case-for-us-economy-stands-at-growth-despite-tariffs
16,"What the hotel industry needs: Another Incredible India campaign, infrastructure status & more","IHCL's CEO, Puneet Chhatwal, emphasizes the critical need for the hospitality sector to attain infrastructure status for better financing options. Highlighting significant growth and profitability, he points to the shift towards a balanced capital-heavy and capital-light business model. He also advocates for renewed foreign tourist campaigns and improved industry status across states to enhance job creation and sector support.",1.5 hours ago,— Economic Times,https://economictimes.indiatimes.com/markets/expert-view/what-the-hotel-industry-needs-another-incredible-india-campaign-infrastructure-status-more/articleshow/117418068.cms
17,"BSE shares outperform market with 12% weekly surge, bullish momentum strong","BSE Ltd has shown strong bullish momentum, outperforming indices and delivering a 157.8% return over the past year. The stock recently broke out of consolidation with high volume, suggesting further upside potential. Analysts expect the stock to test levels of Rs 6,200-6,500, with support around Rs 5,650-5,600.",1.5 hours ago,— Economic Times,https://economictimes.indiatimes.com/markets/stocks/news/bse-shares-outperform-market-with-12-weekly-surge-bullish-momentum-strong/articleshow/117418096.cms
18,"Crypto Price Today: Bitcoin falls below $101,800; Dogecoin, Solana decline up to 6%","Bitcoin, along with other major cryptocurrencies, experienced a drop on Tuesday following Donald Trump's inauguration. Bitcoin was trading at $101,739, down 0.8%, after hitting an intraday low of $100,103. Other notable declines included Solana, BNB, Dogecoin, and newly launched tokens OFFICIAL TRUMP and Melania Coin, which plummeted significantly.",1.5 hours ago,— Economic Times,https://economictimes.indiatimes.com/markets/cryptocurrency/crypto-price-today-bitcoin-falls-below-101800-dogecoin-solana-decline-up-to-6/articleshow/117418078.cms
19,"Melania Coin dips over 60%, Trump Coin follows with 50% plunge","Melania Coin experienced a sharp 60% decline just a day after its launch, trading at $4.17. The coin initially gained traction with a market cap of $2 billion but faced significant volatility. Meanwhile, the $TRUMP coin's value plummeted by over 50% after the introduction of the $MELANIA coin.",1.5 hours ago,— Economic Times,https://economictimes.indiatimes.com/markets/cryptocurrency/melania-coin-dips-45-trump-coin-follows-with-50-plunge/articleshow/117418005.cms
20,"HDFC Bank Q3 results preview: NII likely to rise by up to 8.4% YoY, NIMs may remain flat","HDFC Bank's December quarter NII is anticipated to grow by 7-8.4% YoY, with net profit projected between Rs 15,873 crore and Rs 17,232 crore. While brokerages foresee NIMs remaining flat, key monitorables include deposit growth, seasonal stress in the agri book, and asset quality stability.",1.5 hours ago,— Economic Times,https://economictimes.indiatimes.com/markets/stocks/earnings/hdfc-bank-q3-results-preview-nii-likely-to-rise-by-up-to-8-4-yoy-nims-may-remain-flat/articleshow/117417472.cms
21,"Trump 2.0: How Potential Policy Changes Could Impact Waaree Energies, Premier Energies",No change in IRA incentives as well as solar import tariffs by US stand to be the most beneficial for Waaree Energies and Premier Energies.,1.5 hours ago,— Bloomberg Quint,https://www.ndtvprofit.com/business/trump-20-waaree-energies-premier-energies-could-see-impact-from-potential-inflation-policy-changes
22,Lupin shares  0.58% as Sensex  rises,The stock quoted a 52-week high of Rs 2403.45 and a 52-week low of Rs 1411.15.,1.5 hours ago,— Economic Times,https://economictimes.indiatimes.com/markets/stocks/stock-watch/lupin-shares-0-58-as-sensex-rises/articleshow/117417826.cms
23,"Brand Euro Pratik Files For Rs 730 Crore IPO; Promoters To Revenue, Check Company Details Here",Brand Euro Pratik IPO has been submitted to SEBI. The equity shares are proposed to be listed on the National Stock Exchange of India Ltd and BSE Ltd.,1.5 hours ago,— Bloomberg Quint,https://www.ndtvprofit.com/ipos/brand-euro-pratik-ipo-check-details-of-this-rs-730-crore-offer-for-sale
24,Markets gave up early gains to trade lower; Sensex quotes 309 points lower,Sensex and Nifty slipped into negative territory despite climbing in the morning,1.5 hours ago,— The Hindu Business,https://www.thehindu.com/business/markets/markets-gave-up-early-gains-to-trade-lower-sensex-quotes-309-points-lower/article69122472.ece
25,Newgen Software Share Price Falls Over 17% After Jefferies Downgrades To 'Underperform',Jefferies highlighted Newgen Software’s strong performance in new license wins was overshadowed by longer execution cycles.,1.5 hours ago,— Bloomberg Quint,https://www.ndtvprofit.com/markets/newgen-software-share-price-tumbles-after-jefferies-downgrades-to-underperform
26,"Macquarie maintains 'underperform' rating on Paytm, sets price target at Rs 730","Macquarie has maintained its ‘Underperform’ rating on Paytm with a target price of Rs 730, implying a downside potential of 19%. Despite strong quarterly results, including a reduction in losses, the brokerage notes risks related to distribution revenue growth. Paytm’s consolidated loss narrowed to Rs 208.3 crore in Q3FY25.",1.5 hours ago,— Economic Times,https://economictimes.indiatimes.com/markets/stocks/news/macquarie-maintains-underperform-rating-on-paytm-sets-price-target-at-rs-730/articleshow/117417349.cms
27,"Davos 2025: Trump Tariffs Not A Concern, But Need To Spur India Demand, Says Bharat Forge's Amit Kalyani","From the upcoming budget, Kalyani expects the government to unshackle many sectors, where there are too many regulations for the private sector.",2 hours ago,— Bloomberg Quint,https://www.ndtvprofit.com/davos/davos-2025-trump-tariffs-not-a-concern-but-need-to-spur-india-demand-says-bharat-forges-amit-kalyani
28,"Market volatility to continue amid mixed earnings, FII outflows: Neeraj Dewan",​You will get a real clarity on what way and what intensity the talk about tariffs and all that is going on. But what you rightly said is our concern is mostly domestic right now because there has been a definitely growth concern. Earnings have not been that great last quarter.,2 hours ago,— Economic Times,https://economictimes.indiatimes.com/markets/expert-view/market-volatility-to-continue-amid-mixed-earnings-fii-outflows-neeraj-dewan/articleshow/117417042.cms
29,Share market update: Most active stocks on D-Street today in terms of volume,The NSE Nifty index was trading 195.41 points  down  at 23149.35,2 hours ago,— Economic Times,https://economictimes.indiatimes.com/markets/stocks/stock-watch/share-market-update-most-active-stocks-on-d-street-today-in-terms-of-volume/articleshow/117417029.cms
30,Swiggy Share Price Sees Sharp Dip Amid Sector Weakness,Swiggy shares fell as much as 10.88% to Rs 427 apiece. It pared losses to trade 9.90% lower around noon.,2 hours ago,— Bloomberg Quint,https://www.ndtvprofit.com/markets/swiggy-share-price-sees-sharp-dip-amid-sector-weakness
31,"Trade wars & geopolitics: What Trump’s policies mean for India, Swaminathan Aiyar decodes","Swaminathan Aiyar examines how Trump's policies, including potential trade wars and isolationist approaches, may challenge India. Key concerns include strained trade relations and China's territorial ambitions. India should exercise caution, maintain strategic patience, and focus on renewable energy development. There are potential investment opportunities through the US-China trade war.",2 hours ago,— Economic Times,https://economictimes.indiatimes.com/markets/stocks/news/trade-wars-geopolitics-what-trumps-policies-mean-for-india-swaminathan-aiyar-decodes/slideshow/117417224.cms
32,"Q3 Results Live Updates: Tata Tech, Tanla Platforms, KEI Industries, Dalmia Bharat To Announce Earnings","Tata Tech, Tanla Platforms, KEI Industries, and Dalmia Bharat are some of the companies releasing their quarterly number on Tuesday. Catch live updates here.",2 hours ago,— Bloomberg Quint,https://www.ndtvprofit.com/quarterly-earnings/q3-results-2025-today-tata-tech-south-indian-bank-dalmia-bharat-kei-industries-quarterly-earnings-live-blog
33,"Budget 2025: Healthcare Sector Seeks GST Cut, R&D Sops, Lab Accreditation, Says Metropolis' Ameera Shah","Metropolis Healthcare urges the government to introduce a 0% GST on diagnostic services, increase tax exemptions for preventive healthcare, and mandate accreditation for testing labs.",2 hours ago,— Bloomberg Quint,https://www.ndtvprofit.com/budget/budget-2025-healthcare-sector-seeks-gst-cut-r-and-d-sops-lab-accreditation-says-metropolis-ameera-shah
34,Stock market update: Mining stocks  down  as market  falls,The 30-share BSE Sensex was  down  744.19 points at 76329.25,2 hours ago,— Economic Times,https://economictimes.indiatimes.com/markets/stocks/stock-watch/stock-market-update-mining-stocks-down-as-market-falls/articleshow/117416516.cms
35,"Varun Beverages Gets 'Outperform' In Initiation From JPMorgan, 19% Upside Seen",JPMorgan forecasts revenue and earning per share CAGR of 18% and 21% for calendar year 2024 and 2027 for Varun Beverages.,2 hours ago,— Bloomberg Quint,https://www.ndtvprofit.com/markets/varun-beverage-gets-outperform-in-initiation-from-jpmorgan-19-upside-seen
36,Stock market update: Stocks that hit 52-week highs on NSE,"Reliance Naval & Engg,  KRN Heat Exchanger,  Atlas Cycles,  Super Spinning and  Shree Global, hit their fresh 52-week highs at 11:09AM.",2.5 hours ago,— Economic Times,https://economictimes.indiatimes.com/markets/stocks/stock-watch/stock-market-update-stocks-that-hit-52-week-highs-on-nse/articleshow/117416316.cms
37,Glenmark Pharma Launches Generic Anticoagulant Injectable Emulsion,"Glenmark Pharmaceuticals Inc., USA has launched Phytonadione injectable emulsion of strength 10 mg/mL single-dose ampules.",2.5 hours ago,— Bloomberg Quint,https://www.ndtvprofit.com/business/glenmark-pharma-launches-generic-anticoagulant-injectable-emulsion
38,​Brokerages see up to 14% upside in Tech Mahindra post Q3 results; what should investors do?,"Leading brokerage firms have given mixed reviews for Tech Mahindra post-Q3 results, with predictions ranging from a 5% to 14% upside. Nomura recommends a Buy with a target of Rs 1,900, Morgan Stanley suggests an Equal Weight rating, while Citi assigns a Sell rating lowering the target to Rs 1,440.",2.5 hours ago,— Economic Times,https://economictimes.indiatimes.com/markets/stocks/news/brokerages-see-up-to-14-upside-in-tech-mahindra-post-q3-results-what-should-investors-do/slideshow/117416277.cms
39,Budget 2025: What Is Halwa Ceremony? Why Is It Important?,The Ministry of Finance hosts the Halwa Ceremony every year ahead of the Budget as a customary tradition.,2.5 hours ago,— Bloomberg Quint,https://www.ndtvprofit.com/budget/budget-2025-what-is-halwa-ceremony-why-is-it-important
40,"Budget will keep ITC investors on tenterhooks, Nuvama says sharp tax hike unlikely","As India prepares for the Union Budget, ITC investors watch for potential cigarette tax policies. Brokerage Nuvama predicts a modest tax hike, despite urban slowdown. ITC’s cigarette business shows growth potential, but FMCG struggles. Nuvama retains a ‘buy’ rating with a target price of Rs 571, implying a 29% upside from current levels.",2.5 hours ago,— Economic Times,https://economictimes.indiatimes.com/markets/stocks/news/budget-will-keep-itc-investors-on-tenterhooks-nuvama-says-sharp-tax-hike-unlikely/articleshow/117416005.cms
41,Sensex  falls! But these  stocks are up over 15% on BSE,"In the Nifty50 index, 13 stocks were trading in the green, while 37 stocks were in the red.",2.5 hours ago,— Economic Times,https://economictimes.indiatimes.com/markets/stocks/stock-watch/sensex-falls-but-these-stocks-are-up-over-15-on-bse/articleshow/117415974.cms
42,"Gold Price Today: Yellow metal gains Rs 2,400/10 gm in one month, silver up by Rs 3,700/kg","Gold and silver futures saw higher trading on January 20, 2025, with gold at Rs 78,850/10 grams and silver at Rs 92,064/kg. Gold prices surged by Rs 2,400 and silver by Rs 3,700 in the last month. Amid geopolitical tensions and market volatility, analysts expect continued fluctuations in prices, with support and resistance levels identified for both metals.",2.5 hours ago,— Economic Times,https://economictimes.indiatimes.com/markets/commodities/news/gold-price-today-yellow-metal-gains-rs-2400/10-gm-in-one-month-silver-up-by-rs-3700/kg/articleshow/117415901.cms
43,Lodha Vs Lodha: Abhishek Sues Younger Brother Abhinandan To Restrain Use Of Surname For Brand,"The House of Abhinandan Lodha is part of Lodha Ventures, which was established by Abhinandan after quitting Macrotech Developers (erstwhile Lodha Developers).",2.5 hours ago,— Bloomberg Quint,https://www.ndtvprofit.com/business/lodha-vs-lodha-abhishek-sues-younger-brother-abhinandan-to-restrain-use-of-surname-for-brand
44,Rupee rises 17 paise to 86.28 against U.S. dollar in early trade,Forex traders said the dollar weakened from its 109 levels but clawed back to 108.31 as Donald Trump declared tariffs against Canada and Mexico in the near future,2.5 hours ago,— The Hindu Business,https://www.thehindu.com/business/markets/rupee-rises-17-paise-to-8628-against-us-dollar-in-early-trade/article69122369.ece
45,MCX Share Price Falls As Morgan Stanley Flags Stretched Valuation,"Morgan Stanley said the MCX's current valuation is stretched, given low conviction on sustainability of revenues.",2.5 hours ago,— Bloomberg Quint,https://www.ndtvprofit.com/markets/mcx-share-price-falls-as-morgan-stanley-flags-stretched-valuation
46,Blinkit continues to lead market despite growing competition: Karan Taurani,"The cash burn is not a question here. The question here is that Blinkit has always focused on assortment, on user experience, and on trying to basically be better ahead of peers. Their focus remains to be on that and not on cash burn.",2.5 hours ago,— Economic Times,https://economictimes.indiatimes.com/markets/expert-view/blinkit-continues-to-lead-market-despite-growing-competition-karan-taurani/articleshow/117415538.cms
47,Waaree Renewable 24 GW Order Pipeline Draws Upon Solar Tailwinds,"Waaree Renewable reported a total revenue of Rs 360.35 crore for the quarter ended Dec. 31, 2024.",2.5 hours ago,— Bloomberg Quint,https://www.ndtvprofit.com/business/waaree-renewable-24-gw-order-pipeline-draws-upon-solar-tailwinds
48,LTIMindtree stock price  0.08 per cent as Sensex,"As of 31-Dec-2024, promoters held 68.57 per cent stake in the company, while FIIs held 7.45 per cent and domestic institutional investors had 5.4 per cent.",2.5 hours ago,— Economic Times,https://economictimes.indiatimes.com/markets/stocks/stock-watch/ltimindtree-stock-price-0-08-per-cent-as-sensex/articleshow/117415507.cms
49,Capex stocks drop up to 43% from the last budget. Can government spending infuse animal spirit?,"As India approaches Budget 2025, expectations are high for a focus on capital expenditure to drive economic recovery. Analysts highlight sectors like power, renewable energy, and defence for growth, recommending stocks such as Hitachi Energy, Siemens, and L&T. Despite recent market declines, experts see opportunities in select industries, urging investors to adopt a long-term, buy-on-dips strategy.",2.5 hours ago,— Economic Times,https://economictimes.indiatimes.com/markets/stocks/news/capex-stocks-drop-up-to-43-from-the-last-budget-can-government-spending-infuse-animal-spirit/articleshow/117415442.cms
50,Swiggy shares fall over 9% as Zomato numbers spoil near-term outlook,"Swiggy share price: In Q3, Blinkit's GOV grew by 27.2% QoQ, maintaining a strong growth trajectory. However, profitability faced pressure, as EBITDAM dropped to -1.3% from -0.1% in Q2FY25, primarily due to accelerated store openings and increased competitive intensity, which led to higher customer acquisition costs.",3 hours ago,— Economic Times,https://economictimes.indiatimes.com/markets/stocks/news/swiggy-shares-fall-7-as-zomato-numbers-spoil-near-term-outlook/articleshow/117415379.cms
51,ICICI Lombard Hopes A Favourable Market To Yield Higher Profitability,ICICI Lombard General Insurance expects combined ratio to maintain its downward trajectory if the markets remain sensible.,3 hours ago,— Bloomberg Quint,https://www.ndtvprofit.com/business/icici-lombard-q3-results-profit-up-68-percent-combined-ratio-102-7
52,Paytm Shares Fall Nearly 6% As Analysts Remain Cautious On Outlook,Paytm shares fell as much as 5.65% to 847.80 apiece.,3 hours ago,— Bloomberg Quint,https://www.ndtvprofit.com/markets/paytm-shares-fall-nearly-6-as-analysts-remain-cautious-on-outlook
53,"Stocks to buy for 2025: SBI Life, Wipro among top 5 stocks that could give 16-28% upside in next 12 months","Analyst recommendations suggest strong growth potential in the next year for stocks like SBI Life, Wipro, and Kotak Mahindra Bank, with projected upsides ranging from 16% to 28%. Notable brokerage firms such as Nomura, Jefferies, Motilal Oswal, and Macquarie provide these ratings based on robust performance metrics.",3 hours ago,— Economic Times,https://economictimes.indiatimes.com/markets/stocks/news/stocks-to-buy-for-2025-sbi-life-wipro-among-top-5-stocks-that-could-give-16-28-upside-in-next-12-months/slideshow/117415313.cms
54,Davos 2025 Day 1: Quiet Beginnings But Trump Lap At The End,"As the day ended, conversation on the first day revolved around Donald Trump, his comments, his announcements and the implications thereof.",3 hours ago,— Bloomberg Quint,https://www.ndtvprofit.com/davos/davos-2025-day-1-quiet-beginnings-but-trump-lap-at-the-end
55,These 4 F&O stocks saw a high increase in futures open interest,"On January 20, futures open interest surged over 15% for four NSE stocks, with Supreme Industries, Axis Bank, United Breweries, and Indiamart Intermesh showing significant upticks in open interest.",3 hours ago,— Economic Times,https://economictimes.indiatimes.com/markets/stocks/news/these-4-fo-stocks-saw-a-high-increase-in-futures-open-interest/slideshow/117414965.cms
56,"Tariffs, immigration and deregulation will define Trump 2.0: Jahangir Aziz","The impact on the economy will be offsetting each other and we will have to wait and see what the net result is. So, you are saying that, well, the dollar is going to strengthen and so will the dollar strengthen this is going to be bad for the budget and it is going to be bad for growth or at least for exports, well you are not saying that the deregulation is not going to offset all of that or that the tax cuts will not offset that.",3 hours ago,— Economic Times,https://economictimes.indiatimes.com/markets/expert-view/tariffs-immigration-and-deregulation-will-define-trump-2-0-jahangir-aziz/articleshow/117414672.cms
57,These 5 Nifty stocks showing RSI Trending Up on January 20,"Five Nifty50 stocks, including Kotak Mahindra Bank, Wipro, NTPC, Britannia Industries, and Titan Company, show strengthening momentum as their RSI values cross above 50, signaling potential upward movement and buying opportunities.",3 hours ago,— Economic Times,https://economictimes.indiatimes.com/markets/stocks/news/these-5-nifty-stocks-showing-rsi-trending-up-on-january-20/slideshow/117414727.cms
58,"Neutral on Axis Bank, target price Rs 1,175:  Motilal Oswal Financial Services","Motilal Oswal Financial Services maintains a neutral stance on Axis Bank with a target price of Rs 1,175 despite the current price of Rs 979.15. Axis Bank's performance showed a slight margin decline and asset quality deterioration, but earnings aligned with expectations due to lower operating expenses. Deposit growth remains slow, while advances grew 9% YoY.",3.5 hours ago,— Economic Times,https://economictimes.indiatimes.com/markets/stocks/recos/neutral-on-axis-bank-target-price-rs-1175-motilal-oswal-financial-services/articleshow/117386436.cms
59,L&T Finance shares tumble 3% after Q3 PAT declines 2% YoY,"Shares of L&T Finance (LTF) fell 3% to Rs 140.40 after the company reported a 2% YoY decline in Q3 PAT to Rs 626 crore. Despite this, its retail book grew by 23% YoY to Rs 92,224 crore. LTF's consolidated PAT for 9MFY25 rose 14% YoY to Rs 2,007 crore. NIM, fees, and other income stood at 10.33%, down 60 bps YoY.",3.5 hours ago,— Economic Times,https://economictimes.indiatimes.com/markets/stocks/news/lt-finance-shares-tumble-3-after-q3-pat-declines-2-yoy/articleshow/117414501.cms
60,"Paytm Q3 Result Review: Path To Profitability Remains Uncertain, Say Analysts","Despite some positive developments, such as a strong GMV increase and improved operating leverage, concerns around slower uptake in lending revenues and Paytm's path to profitability persist.",3.5 hours ago,— Bloomberg Quint,https://www.ndtvprofit.com/quarterly-earnings/paytm-q3-result-review-path-to-profitability-remains-uncertain-say-analysts
61,"Vedanta shares rise as Fitch upgrades rating to B+, changes outlook to stable","Vedanta share price: The upgrade comes after a substantial reduction in VRL's refinancing risks, following the company's raising of USD 1.1 billion in new bonds and securing bank commitments for loans totaling USD 350 million at the holding company, which was formed by VRL and other offshore investment holding companies owned by VRL, in January 2025.",3.5 hours ago,— Economic Times,https://economictimes.indiatimes.com/markets/stocks/news/vedanta-shares-rise-as-fitch-upgrades-rating-to-b-changes-outlook-to-stable/articleshow/117414354.cms
62,Investors who bought into Andhra stocks euphoria after last Budget are licking their wounds,"Andhra Pradesh-based stocks like Heritage Foods and Amara Raja Energy, which gained investor interest post-Budget, are now underperforming. Despite initial market excitement and promises from Andhra CM Chandra Babu Naidu and Finance Minister Nirmala Sitharaman, most of these stocks are trading negatively due to worsening market sentiments.",3.5 hours ago,— Economic Times,https://economictimes.indiatimes.com/markets/stocks/news/investors-who-bought-into-andhra-stocks-euphoria-after-last-budget-are-licking-their-wounds/articleshow/117414115.cms
63,Gland Pharma Gets 'Neutral' Upgrade From Nomura But Target Price Slashed — Here's Why,Gland Pharma's third quarter results showed a dip in US exports.,3.5 hours ago,— Bloomberg Quint,https://www.ndtvprofit.com/markets/gland-pharma-gets-neutral-upgrade-from-nomura-but-target-price-slashed-heres-why
64,"Add Infosys, target price Rs 2,015:  HDFC Securities",HDFC Securities recommends adding Infosys with a target price of Rs 2015. Current price is Rs 1797.6. Infosys reported Q3 FY24 consolidated income of Rs 42623 crore and net profit of Rs 6822 crore. Growth projections include a CQGR of 1.7% to 2.3% for FY25/26/27E. Promoters hold 14.43% stake with significant FII and DII ownership.,3.5 hours ago,— Economic Times,https://economictimes.indiatimes.com/markets/stocks/recos/add-infosys-target-price-rs-2015-hdfc-securities/articleshow/117386239.cms
65,Dixon Tech Share Price Drops After Q3 Earnings; Here's What Analysts Say,"Goldman Sachs maintained a 'Sell' rating on Dixon Technologies and revised its target price to Rs 10,240 from Rs 10,290.",3.5 hours ago,— Bloomberg Quint,https://www.ndtvprofit.com/markets/dixon-technologies-share-price-drops-after-q3-earnings-heres-what-analysts-say
66,"Davos 2025: Three Foundational Pillars Of World Being Challenged, Says Maria Vassalou","Maria Vassalou at Davos 2025 said globalisation, financial stability, and peace are under pressure, affecting economic policies and investment strategies worldwide.",3.5 hours ago,— Bloomberg Quint,https://www.ndtvprofit.com/davos/maria-vassalou-on-global-challenges-us-dollar-supremacy-and-indias-economic-position
67,Open Letter To Boomer CEOs,The recent debacle sparked by L&T Chairman SN Subrahmanyan’s remarks about 90-hour work weeks was just the latest example of how much of corporate India remains stuck in outdated leadership models.,3.5 hours ago,— Bloomberg Quint,https://www.ndtvprofit.com/opinion/90-hour-work-week-open-letter-to-boomer-ceos
68,"L&T Finance, Dixon Technologies, MCX, Oberoi Realty Shares React Post Q3 Results",L&T Finance opened in the negative after it reported a 2.6% fall in profit to Rs 619 crore.,3.5 hours ago,— Bloomberg Quint,https://www.ndtvprofit.com/markets/lt-finance-dixon-technologies-mcx-oberoi-realty-shares-react-post-q3-results
69,"Budget 2025: SBI, UltraTech Cement among 68 stock ideas from Axis Securities",,4 hours ago,— Economic Times,https://economictimes.indiatimes.com/markets/stocks/news/budget-2025-sbi-ultratech-cement-among-68-stock-ideas-from-axis-securities/slideshow/117414005.cms
70,"Stocks to buy today: RIL, Biocon among top 6 trading ideas for Tuesday, January 21, 2025","The Nifty future closed higher with a gain of 0.54%, reaching 23,393 levels on Monday. India VIX ended at 16.42, rising 4.2% in the previous trading session.",4 hours ago,— Economic Times,https://economictimes.indiatimes.com/markets/stocks/news/stocks-to-buy-today-ril-biocon-among-top-6-trading-ideas-for-tuesday-january-21-2025/articleshow/117413771.cms
71,Trump tantrum is here! How it may impact stock market & what investors should do,"Donald Trump's potential return as US President could impact Indian stock markets, affecting sectors like pharma and IT. Policies may boost the dollar and lead to foreign investor outflows. While Indian IT and defense stocks might benefit, increased protectionism may hurt other sectors. Investors are advised to prioritize stable companies over high-risk stocks.",4 hours ago,— Economic Times,https://economictimes.indiatimes.com/markets/stocks/news/trump-tantrum-is-here-how-it-may-impact-stock-market-what-investors-should-do/articleshow/117413706.cms
72,"MCX shares in focus on returning to profitability in Q3, reports Rs 160 cr profit","MCX share price: For the reporting quarter, revenue from operations grew by 57% year-on-year (YoY) to Rs 301 crore, compared to the same quarter last year.MCX's total income for Q3 FY25 stood at Rs 324 crore",4 hours ago,— Economic Times,https://economictimes.indiatimes.com/markets/stocks/news/mcx-shares-in-focus-on-returning-to-profitability-in-q3-reports-rs-160-cr-profit/articleshow/117413602.cms
73,"Sensex falls below 300 pts, Nifty tests 23,350; Zomato shares slide 9%","Indian benchmark equity indices opened higher on Tuesday, driven by IT and banking stocks, with a cautious outlook following US President Donald Trump's trade tariff announcements. Key gainers included UltraTech Cement, Sun Pharma, Tata Motors, HCL Tech, and Tech Mahindra. Sectoral indices such as Nifty Auto, FMCG, IT, Metal, Pharma, Healthcare, and Oil & Gas saw gains.",4 hours ago,— Economic Times,https://economictimes.indiatimes.com/markets/stocks/news/sensex-trades-marginally-higher-nifty-above-23350-realty-stocks-drag/articleshow/117413469.cms
74,"ICICI Securities maintains Add rating on HDFC AMC, lowers target price to Rs 4,400","ICICI Securities recommends an ADD call on HDFC Asset Management with a target price of Rs 4,400. HDFC AMC, a major player in financial services, reported significant growth in core EBITDA driven by better yields. The company showed a strong performance in equity market shares and SIP flows, suggesting optimistic future business metrics.",4 hours ago,— Economic Times,https://economictimes.indiatimes.com/markets/stocks/recos/icici-securities-maintains-add-rating-on-hdfc-asset-management-company-lowers-target-price-to-rs-4400nbsp/articleshow/117385796.cms
75,Rupee Opens Stronger Against US Dollar After Trump's Inauguration Speech,"The domestic currency strengthened by 28 paise to open at 86.29 against the dollar, according to Bloomberg data.",4 hours ago,— Bloomberg Quint,https://www.ndtvprofit.com/markets/rupee-opens-stronger-against-us-dollar-after-trumps-inauguration-speech
76,Cipla shares in focus after Goa facility receives form 483 with one observation from USFDA,"Cipla share price has risen by 10% over the past 12 months and 64% over the last three years. The company's current market capitalization is Rs 1,16,772 crore. The consensus recommendation from 37 analysts for the stock is a 'Buy'.",4 hours ago,— Economic Times,https://economictimes.indiatimes.com/markets/stocks/news/cipla-shares-in-focus-after-goa-facility-receives-form-483-with-one-observation-from-usfda/articleshow/117413516.cms
77,Cyient secures multi-year deal from Deutsche Aircraft,Cyient AI products will be embedded in the solution that will support Deutsche Aircraft’s global customer base,4 hours ago,— The Hindu Business,https://www.thehindu.com/business/Industry/cyient-secures-multi-year-deal-from-deutsche-aircraft/article69119470.ece
78,Bullish Momentum: 3 stocks with White Marubozu Pattern on January 20,A White Marubozu is a bullish candlestick pattern in technical analysis.,4 hours ago,— Economic Times,https://economictimes.indiatimes.com/markets/stocks/news/bullish-momentum-3-stocks-with-white-marubozu-pattern-on-january-20/slideshow/117413357.cms
79,"Stocks To Buy Today: Bajaj Finserv, Biocon, Hindustan Copper And More",Bajaj Finserv has received multiple buy calls on Tuesday.,4 hours ago,— Bloomberg Quint,https://www.ndtvprofit.com/markets/stocks-to-buy-today-bajaj-finserv-biocon-hindustan-copper-and-more
80,Waaree Renewable shares in focus on bagging Rs 277 crore solar project,"Waaree Renewable secured a Rs 277.20 crore order to establish a 105 MWp (DC) capacity ground-mounted solar project. The order, awarded by a leading wind energy company, is scheduled for completion in FY 2025-26. The company has delivered strong stock returns, with 86.04% growth over the last year and 1,388.9% over three years.",4 hours ago,— Economic Times,https://economictimes.indiatimes.com/markets/stocks/news/waaree-renewable-shares-in-focus-on-bagging-rs-277-crore-solar-project/articleshow/117413227.cms
81,"Hold Zydus Lifesciences, target price Rs 1,090:  JM Financial","JM Financial maintains a hold rating on Zydus Lifesciences, setting a target price of Rs 1,090. The quarterly income has dropped by 15.40% from the previous quarter but increased by 19.95% compared to the same quarter last year. Despite facing Asacol HD competition, Zydus Lifesciences’ gradual impact is anticipated, with promoters holding a 74.98% stake.",4.5 hours ago,— Economic Times,https://economictimes.indiatimes.com/markets/stocks/recos/hold-zydus-lifesciences-target-price-rs-1090-jm-financial/articleshow/117385353.cms
82,Oberoi Realty shares dip 6% even as Q3 profit jumps 72% YoY to Rs 618 crore,"Oberoi Realty share price: The Mumbai-based real estate firm's consolidated revenue from operations for Q3 FY25 was Rs 1,411.08 crore, reflecting a 33.92% year-on-year increase from Rs 1,053.64 crore in Q3 FY24. On a sequential basis, revenue rose by 7%.",4.5 hours ago,— Economic Times,https://economictimes.indiatimes.com/markets/stocks/news/oberoi-realty-shares-in-focus-after-q3-profit-jumps-72-yoy-to-rs-618-crore/articleshow/117412909.cms
83,"HDFC Bank Q3 Preview: Steady Earnings Due To Lower LDR, Better NIMs Likely","HDFC Bank is positioned to deliver steady growth and profitability, Motilal Oswal said.",4.5 hours ago,— Bloomberg Quint,https://www.ndtvprofit.com/quarterly-earnings/hdfc-bank-q3-preview-steady-earnings-due-to-lower-ldr-better-nims-likely
84,"Bitcoin soars past $109,000 ahead of possible early action on crypto by Trump","The price of bitcoin has surged to over $109,000 just hours ahead of President-elect Donald Trump’s inauguration, as a pumped up cryptocurrency industry expects early action by him soon after he takes office",4.5 hours ago,— The Hindu Business,https://www.thehindu.com/sci-tech/technology/bitcoin-soars-past-109000-ahead-of-possible-early-action-on-crypto-by-trump/article69122137.ece
85,Time to start nibbling in PayTM? How to play Q-comm stocks? Pashupati Advani answers,"Pashupati Advani, Founder of Global Foray, comments on the burgeoning quick commerce space with new players entering the market. Zomato, Swiggy, and upcoming IPO entry Zepto are in competition. Advani highlights Paytm's volatile performance and growth potential, while expressing concern for the private banking sector, particularly outside top banks like HDFC and Kotak.",4.5 hours ago,— Economic Times,https://economictimes.indiatimes.com/markets/expert-view/time-to-start-nibbling-in-paytm-how-to-play-q-comm-stocks-pashupati-advani-answers/articleshow/117398330.cms
86,"Davos 2025: India In Stronger Geopolitical Spot, McKinsey's Gautam Kumra","Challenges such as immigration, trade tariffs, and supply chain disruptions must be carefully managed, McKinsey's Gautam Kumra told NDTV Profit.",4.5 hours ago,— Bloomberg Quint,https://www.ndtvprofit.com/davos/davos-2025-india-in-stronger-geopolitical-spot-mckinseys-gautam-kumra
87,"Stock Recommendations Today: Zomato, Paytm, Hindalco, Dixon Technologies On Brokerages' Radar","With Paytm's results in line with expectations, analysts continue to maintain 'underperform', as risks around revenues remain.",5 hours ago,— Bloomberg Quint,https://www.ndtvprofit.com/markets/stock-recommendations-today-zomato-paytm-hindalco-dixon-technologies-on-brokerages-radar
88,JSW Steel Share Price Live Updates: JSW Steel's closing price stands at Rs 919.20,,5 hours ago,— Economic Times,https://economictimes.indiatimes.com/markets/stocks/stock-liveblog/jsw-steel-stock-price-livestock-price-today-live-updates-21-jan-2025/liveblog/117412053.cms
89,"Zomato shares in focus after Q3 PAT falls 57% YoY. Should you buy, sell or hold?","Zomato experienced a 57% decline in its December quarter net profit, reporting Rs 59 crore. Despite a 64% rise in revenue, there was a notable slowdown in food delivery. Analysts are mixed on the stock, with target prices ranging from Rs 130 to Rs 375.",5 hours ago,— Economic Times,https://economictimes.indiatimes.com/markets/stocks/news/zomato-shares-in-focus-after-q3-pat-falls-57-yoy-should-you-buy-sell-or-hold/articleshow/117412042.cms
90,Existing promoters to continue to control Nazara; Sacheti and Khandelwal to be deemed co-promoters:  Nitish Mittersain,"Mithun Sacheti of Caratlane and Arpit Khandelwal of Plutus Wealth Management have invested Rs 495 crore in Nazara Technologies, acquiring a 5.4% stake. The funds will be used for strategic acquisitions, highlighting the company's bullish growth projections for FY26 and beyond. The existing promoters will continue managing, with Sacheti and Khandelwal as deemed co-promoters.",5 hours ago,— Economic Times,https://economictimes.indiatimes.com/markets/expert-view/existing-promoters-to-continue-to-control-nazara-sacheti-and-khandelwal-to-be-deemed-co-promoters-nitish-mittersain/articleshow/117397535.cms
91,"Hindalco Gets 'Buy' Call From Citi As Headwinds Priced In, Positioned For Upside",The Hindalco share price has corrected by over 18% from its lifetime high recorded on Oct. 1 last year.,5 hours ago,— Bloomberg Quint,https://www.ndtvprofit.com/markets/hindalco-gets-buy-call-from-citi-as-headwinds-priced-in-positioned-for-upside
92,Dozco India acquires ITM Dozco (India) Pvt. Ltd,,5 hours ago,— The Hindu Business,https://www.thehindu.com/news/cities/Visakhapatnam/dozco-india-acquires-itm-dozco-india-pvt-ltd/article69119383.ece
93,"Oil prices tick down on plan to boost US oil output, tariff reprieve","Oil prices fell in Asian trading after President Trump announced plans to increase U.S. oil and gas production. He also delayed new tariffs on imports from Canada and Mexico. Trump said he was considering stopping oil purchases from Venezuela and promised to refill strategic reserves, potentially increasing demand for U.S. crude oil.",5 hours ago,— Economic Times,https://economictimes.indiatimes.com/markets/commodities/news/oil-prices-tick-down-on-plan-to-boost-us-oil-output-tariff-reprieve/articleshow/117411755.cms
94,Bitcoin Retreats As Traders Await Trump Crypto Executive Order,"The largest digital asset slid about 1% to change hands at $101,300.",5 hours ago,— Bloomberg Quint,https://www.ndtvprofit.com/crypto/bitcoin-retreats-as-traders-await-trump-crypto-executive-order
95,"Davos 2025: India Growth Prospects Strong Amid 'China Plus One', Says Welspun's Dipali Goenka","Last two quarters were slow, but India continues to have growth opportunity, the Welspun Living CEO said.",5 hours ago,— Bloomberg Quint,https://www.ndtvprofit.com/davos/davos-2025-india-growth-prospects-strong-amid-china-plus-one-says-welspuns-dipali-goenka
96,"It's going to be tariffs first, talk later approach in Trump 2.0: Alastair Newton","Alastair Newton predicts that President Trump will quickly impose tariffs on imports, particularly targeting China, to address America's trade deficit. He expects Trump to secure concessions by ratcheting back the tariffs later. Newton foresees rising trade tensions, possible retaliation from China, and potential geopolitical impacts, including on the Russia-Ukraine conflict and relations with China and other global players.",5.5 hours ago,— Economic Times,https://economictimes.indiatimes.com/markets/expert-view/its-going-to-be-tariffs-first-talk-later-approach-in-trump-2-0-alastair-newton/articleshow/117396404.cms
97,"Gold Price At Rs 78,900 — Check Rates In Mumbai, Bengaluru, Delhi, Chennai And More","Chennai continued to see the highest rates in the country, with prices at Rs 78,990.",5.5 hours ago,— Bloomberg Quint,https://www.ndtvprofit.com/markets/gold-price-at-rs-78900-check-rates-in-mumbai-bengaluru-delhi-chennai-and-more
98,Positive Breakout: These 4 stocks cross above their 200 DMAs,"As long as the stock is priced above the 200-day SMA on the daily time frame, it is generally considered to be an overall uptrend.",5.5 hours ago,— Economic Times,https://economictimes.indiatimes.com/markets/stocks/news/positive-breakout-these-4-stocks-cross-above-their-200-dmas/slideshow/117411543.cms
99,Tata Technologies will announce its Q3 results today. Here's what to expect,"Tata Technologies is anticipated to report subdued third quarter results with marginal revenue growth of around 0.3%, but an 8% decline in net profit to Rs 157 crore. The company’s revenue from the services segment faces headwinds from auto sector weakness and reduced client spending despite a healthy order book.",5.5 hours ago,— Economic Times,https://economictimes.indiatimes.com/markets/stocks/earnings/tata-technologies-will-announce-its-q3-results-today-heres-what-to-expect/articleshow/117411443.cms
100,"Donald Trump Holds Off On Tariff Talk, Vodafone Gets Tax Relief, Paytm Q3 Commentary | Rise With Profit","NDTV Profit Podcast: From Donald Trump's inauguration to Vodafone Idea's tax relief, here's everything you need to know to start your day ahead of the curve.",5.5 hours ago,— Bloomberg Quint,https://www.ndtvprofit.com/business/donald-trump-holds-off-on-tariff-talk-vodafone-gets-tax-relief-paytm-q3-commentary-rise-with-profit-21-01-2025
101,Dixon Technologies shares in focus as Q3 PAT jumps 124% YoY. What should investors do?,"Dixon Technologies' shares are set to be in spotlight after the firm reported a 124% YoY increase in net profit for Q3FY25, alongside strong revenue and EBITDA growth. Analysts have mixed ratings, citing earnings beat but stretched risk-reward ratios and revised estimates due to market factors.",5.5 hours ago,— Economic Times,https://economictimes.indiatimes.com/markets/stocks/news/dixon-technologies-shares-in-focus-as-q3-pat-jumps-124-yoy-what-should-investors-do/articleshow/117411354.cms
102,"Stallion India Fluorochemicals IPO share allotment likely today: Check status, listing date and other details","Stallion India Fluorochemicals IPO saw a robust subscription rate of nearly 188 times, driven by strong demand from both institutional and non-institutional investors. The company plans to utilize funds for working capital and capital expenditure. The market for fluorochemicals is projected to grow significantly in the coming years.",5.5 hours ago,— Economic Times,https://economictimes.indiatimes.com/markets/ipos/fpos/stallion-india-fluorochemicals-ipo-share-allotment-likely-today-check-status-listing-date-and-other-details/articleshow/117411332.cms
103,"Stocks to buy: Tata Technologies, Paytm and Dixon Tech on investors' radar","Benchmark indices saw significant gains on Monday, boosted by banking, financial, and power stocks. Tata Technologies remains in a downtrend, Paytm shows signs of weakening, and Dixon Technologies continues to maintain a robust primary uptrend. Analysts offer cautious investment recommendations for the upcoming trading sessions.",6 hours ago,— Economic Times,https://economictimes.indiatimes.com/markets/stocks/news/stocks-to-buy-tata-technologies-paytm-and-dixon-tech-on-investors-radar/articleshow/117411279.cms
104,Country Garden shares surge 11% in resumed trade after 9-month halt,"Shares of China’s struggling Country Garden surged by 11% after a nine-month trading halt to prepare delayed financial statements. The developer aims to finalize offshore debt restructuring terms with creditors by next month. The stock had been suspended since April following a significant default, further impacting the crucial property sector.",6 hours ago,— Economic Times,https://economictimes.indiatimes.com/markets/stocks/news/country-garden-shares-surge-11-in-resumed-trade-after-9-month-halt/articleshow/117411226.cms
105,Markets cautiously optimistic as Trump returns to the White House,"Investors showed relief as Donald Trump's second inauguration hinted at a pro-business agenda, with cautious implementation of protectionist trade policies. The market reacted positively, anticipating growth in U.S. corporate profits despite concerns over potential inflation and higher borrowing rates. Deregulation promises have buoyed bank stocks and cryptocurrencies, while the S&P 500 experienced notable gains during Trump's first term.",6 hours ago,— Economic Times,https://economictimes.indiatimes.com/markets/stocks/news/markets-cautiously-optimistic-as-trump-returns-to-the-white-house/articleshow/117411187.cms
106,Why California wants Big Oil to pay for its wildfires?,An explainer on the most expensive climate disaster in the US and who might end up paying for it.,6 hours ago,— Finshots,https://finshots.in/archive/why-california-wants-big-oil-to-pay-for-its-wildfires/
107,"Trump's new meme coin soars on his first day in office, lifts other tokens","Trump's new crypto token, launched over the weekend, saw a surge in its market value and contributed to a brief peak in bitcoin prices. The $TRUMP token and World Liberty Financial's successful token sale highlight growing crypto interest under his administration. However, concerns about ethics and market volatility persist amid expectations of crypto-friendly policies.",6 hours ago,— Economic Times,https://economictimes.indiatimes.com/markets/cryptocurrency/trumps-new-meme-coin-soars-on-his-first-day-in-office-lifts-other-tokens/articleshow/117411173.cms
108,Gold holds steady as markets focus on Trump's policies,"Gold prices remained stable as markets assessed the impact of President Trump's second-term policies post-inauguration. The relief rally in global stocks and pressure on the U.S. dollar ensued after Trump delayed tariff action. Although proposed tariffs on imports could influence inflation and interest rates, gold's appeal may benefit from a weaker dollar. Other metals saw declines.",6 hours ago,— Economic Times,https://economictimes.indiatimes.com/markets/commodities/news/gold-holds-steady-as-markets-focus-on-trumps-policies/articleshow/117411163.cms
109,"Dollar rebounds as Trump talks of Canada, Mexico tariffs","The dollar rebounded in Asian trade after U.S. President Donald Trump suggested imposing tariffs on Canada and Mexico. Trump mentioned a possible 25% tariff announcement on February 1. This caused a knee-jerk reaction in the market, affecting trade-exposed currencies like the Canadian dollar and Mexican peso. The dollar also gained in value against other major currencies.",6 hours ago,— Economic Times,https://economictimes.indiatimes.com/markets/forex/dollar-rebounds-as-trump-talks-of-canada-mexico-tariffs/articleshow/117411137.cms
110,Time to buy? Bharat Dynamics has formed a strong base above 1100,,6 hours ago,— Economic Times,https://economictimes.indiatimes.com/markets/stocks/news/time-to-buy-bharat-dynamics-has-formed-a-strong-base-above-1100/videoshow/117411107.cms
111,"Coimbatore’s automotive firms view EV transition with trepidation, but see an opportunity as well","Micro businesses are unaware of being on the cusp of a paradigm shift, as they view internal combustion engines as a mainstay in the foreseeable future, while bigger firms are automating and bracing for change",6.5 hours ago,— The Hindu Business,https://www.thehindu.com/business/Economy/coimbatores-automotive-firms-view-ev-transition-with-trepidation-but-see-an-opportunity-as-well/article69118954.ece
112,"Dalmia Bharat, KEI Industries, Tata Technologies, South Indian Bank Q3 Results Today—Earnings Estimates","Aditya Birla Real Estate, Ashirwad Capital and Bacil Pharma will also declare their Q3 earnings on Tuesday.",6.5 hours ago,— Bloomberg Quint,https://www.ndtvprofit.com/quarterly-earnings/dalmia-bharat-kei-industries-tata-technologies-south-indian-bank-q3-results-todayearnings-estimates
113,"Stocks To Watch Today: Vodafone Idea, Cipla, Oberoi Realty, TCS, Reliance Power",Avenue Supermarts and Apeejay Surrendra Park Hotels will be some of the other stocks to watch.,6.5 hours ago,— Bloomberg Quint,https://www.ndtvprofit.com/markets/stocks-to-watch-today-vodafone-idea-cipla-oberoi-realty-tcs-reliance-power
114,"Oil Holds Drop As Donald Trump Pledges Energy Push, Delays Tariffs",Brent for March settlement closed 0.8% lower at $80.15 a barrel on Monday.,6.5 hours ago,— Bloomberg Quint,https://www.ndtvprofit.com/global-economics/oil-holds-drop-as-donald-trump-pledges-energy-push-delays-tariffs
115,Tata Technologies Q3 Results Live Updates: Tata Technologies to announce its Q3 results today. Here's what to expect,,7 hours ago,— Economic Times,https://economictimes.indiatimes.com/markets/stocks/live-blog/tata-technologies-q3-results-live-q3-fy25-tata-tech-icici-prudential-indiamart-quarter-3-earning-net-profit-loss-date-time/liveblog/117410812.cms
116,US Treasuries Rally On First Trading Day Under Donald Trump Presidency,"Ten-year US Treasury yields fell as much as nine basis points in Asia on Tuesday, reflecting cautious optimism that Trump may take a more measured approach to trade relations.",7 hours ago,— Bloomberg Quint,https://www.ndtvprofit.com/markets/us-treasuries-rally-on-first-trading-day-under-donald-trump-presidency
117,Asian stocks open higher as Tariff threat eases,"Shares climbed from the open in Australia, Japan and South Korea, with the MSCI Asia Pacific Index rising as much as 0.8%. US futures extended their rally from Monday when the cash market was closed. Asian currencies strengthened as Bloomberg’s gauge of the dollar dropped for a second day. Treasuries climbed.",7 hours ago,— Economic Times,https://economictimes.indiatimes.com/markets/stocks/news/asian-stocks-open-higher-as-tariff-threat-eases/articleshow/117410734.cms
118,"Davos 2025: Vedanta 2.0 Committed To Critical Minerals, Says Hindustan Zinc's Priya Agarwal Hebbar","Hindustan Zinc has emerged as the preferred bidder for six critical mineral blocks, aligning with the Government of India's push for domestic resource development.",7 hours ago,— Bloomberg Quint,https://www.ndtvprofit.com/davos/hindustan-zinc-critical-minerals-energy-transition-expansion
119,GIFT Nifty up 70 points; here's the trading setup for today's session,"Nifty appears to be gathering momentum for an upward move. The RSI on the hourly chart has rebounded from lower levels, showing a positive divergence that further strengthens the bullish outlook.",7 hours ago,— Economic Times,https://economictimes.indiatimes.com/markets/stocks/news/pre-market-action-heres-the-trade-setup-for-todays-session/articleshow/117410663.cms
120,"Stocks in news: Tata Technologies, Reliance Power, Cipla, Vodafone Idea, Vedanta",Waaree Renewable Technologies has secured an order worth Rs 277.20 crore for setting up a ground-mounted solar project of 105 MWp (DC) capacity on a turnkey basis.,7.5 hours ago,— Economic Times,https://economictimes.indiatimes.com/markets/stocks/news/stocks-in-news-tata-technologies-reliance-power-cipla-vodafone-idea-vedanta/articleshow/117410646.cms
121,Many equity research companies calling it quits as new Sebi rules pinch,Independent research outfits provide stock advice to investors looking for under-researched investment recommendations but do not have the wherewithal to put ₹50 lakh at one go in Portfolio Management Services (PMS) or ₹1 crore in Alternative Investment Funds (AIFs).,7.5 hours ago,— Economic Times,https://economictimes.indiatimes.com/markets/stocks/news/many-equity-research-companies-calling-it-quits-as-new-sebi-rules-pinch/articleshow/117410576.cms
122,"Deal wins, focus on efficiency to help Wipro retain its margins","While the client focus remains on cost efficiency, artificial intelligence (AI)-related investments are gaining traction. Brokerages have raised the EPS estimate for FY25 by 5-7% after a strong margin performance in the December quarter.",7.5 hours ago,— Economic Times,https://economictimes.indiatimes.com/markets/stocks/news/deal-wins-focus-on-efficiency-to-help-wipro-retain-its-margins/articleshow/117410542.cms
123,Rupee gains 5 paisa to 86.567,"Brent crude oil prices fell from $82 per barrel last week to $80 per barrel due to a ceasefire in the Middle East and due to speculation that Donald Trump may ease sanctions on Russian energy exports, traders said.",8 hours ago,— Economic Times,https://economictimes.indiatimes.com/markets/forex/rupee-gains-5-paisa-to-86-567/articleshow/117410518.cms
124,"Kotak Bank surges 9% as Q3 tops expectations, brokerages positive","Kotak shares, which closed at ₹1,920.5 on Monday, gained 7.5% in the past year and 17% in five years. The Bank Nifty rose 9.6% in one year and 58% in five years.",8 hours ago,— Economic Times,https://economictimes.indiatimes.com/markets/stocks/news/kotak-bank-surges-9-as-q3-tops-expectations-brokerages-positive/articleshow/117410474.cms
125,"RBI injects Rs 76,000 crore more to boost liquidity, rein in call money rates","The ₹75,772-crore liquidity will be reversed on Tuesday. The move is aimed at easing the liquidity conditions and prevent the call money rates from shooting sharply above the current repo rate of 6.5%.",8 hours ago,— Economic Times,https://economictimes.indiatimes.com/markets/stocks/news/rbi-injects-rs-76000-crore-more-to-boost-liquidity-rein-in-call-money-rates/articleshow/117410458.cms
126,SEBI Returns Anand Rathi Share And Stock Brokers' Draft IPO Papers,"The markets regulator returned the documents on Jan. 17, without stating any reason.",13 hours ago,— Bloomberg Quint,https://www.ndtvprofit.com/markets/sebi-returns-anand-rathi-share-and-stock-brokers-draft-ipo-papers
127,Meta Will Use Fact Checkers Outside The US ‘For Now’,"Zuckerberg said this month that he decided to pull back on the practice, which was set up almost a decade ago to combat viral hoaxes spreading on the platform.",13 hours ago,— Bloomberg Quint,https://www.ndtvprofit.com/technology/meta-will-use-fact-checkers-outside-the-us-for-now
128,Gautam Adani Discusses India-Israel Collaboration With Ambassador Reuven Azar,"Gautam Adani and Israel’s Reuven Azar explored opportunities for expanding India-Israel collaboration, particularly in strategic infrastructure and defence partnerships.",13.5 hours ago,— Bloomberg Quint,https://www.ndtvprofit.com/business/gautam-adani-israel-reuven-azar-india-israel-economic-defence-ties
129,"Hitachi Energy India To Conduct Postal Ballot To Raise Rs 4,200 Crore",The voting will start at 9 a.m. on Jan. 22 and continue till 5 p.m. on Feb. 20.,14 hours ago,— Bloomberg Quint,https://www.ndtvprofit.com/markets/hitachi-energy-india-to-conduct-postal-ballot-to-raise-rs-4200-crore
130,Central Bank of India Q3 profit jumps 33% to ₹959 crore,"Central Bank of India reports 33% profit increase, improved asset quality, and successful bid for Future Genarali India Insurance Company",14 hours ago,— The Hindu Business,https://www.thehindu.com/business/markets/central-bank-of-india-q3-profit-jumps-33-to-959-crore/article69121063.ece
131,"HUL Q3 Results Preview: Muted Quarter Likely, Volumes May Fall Sequentially","Analysts expect revenue growth to be impacted due to continued subdued demand in urban markets owing to factors like food inflation, lower wage growth and deterioration in savings.",14 hours ago,— Bloomberg Quint,https://www.ndtvprofit.com/quarterly-earnings/hul-q3-results-preview-muted-quarter-likely-volumes-may-fall-sequentially
132,Even good government polices face resistance from large businesses: Nageswaran,Chief Economic Adviser discusses challenges faced by MSMEs and resistance from large corporations in India,14 hours ago,— The Hindu Business,https://www.thehindu.com/business/Economy/even-good-government-polices-face-resistance-from-large-businesses-nageswaran/article69121062.ece
133,Agriculture ministry launches first-ever national edible oil consumption survey,The initiative comes as India - the world's largest consumer and importer of edible oils - lacks recent data on consumption patterns,14.5 hours ago,— The Hindu Business,https://www.thehindu.com/business/Economy/agriculture-ministry-launches-first-ever-national-edible-oil-consumption-survey/article69120974.ece
134,"Settlement of dues only after examining all options, RBI to ARCs","After a review, it has been decided to revise guidelines on the settlement of dues payable by the borrowers to ARCs, a Reserve Bank circular said",15 hours ago,— The Hindu Business,https://www.thehindu.com/business/settlement-of-dues-only-after-examining-all-options-rbi-to-arcs/article69120973.ece
135,BAI Proposes Salary Hike For Indian Badminton Coaches To Prevent Exodus,"Under the guidance of chief national coach Pullela Gopichand, they are also working with young talents like Tharun Mannepalli, Anmol Kharb, Anuradha Upadhyaya, and Rakshitha Ramraj.",15 hours ago,— Bloomberg Quint,https://www.ndtvprofit.com/sports/bai-proposes-salary-hike-for-indian-badminton-coaches-to-prevent-exodus
136,Reliance Power Board Approves Neeraj Parakh As CEO For Three-Year Term,His term will become effective from Monday.,15 hours ago,— Bloomberg Quint,https://www.ndtvprofit.com/business/reliance-power-board-approves-neeraj-parakh-as-ceo-for-three-year-term
137,"Bajaj Finance, Bharti Airtel Collaborate To Create Digital Platforms For Financial Services","Airtel will initially offer Bajaj Finance's retail financial products on its Airtel Thanks App for seamless and secure customer experience, and later through its nation-wide network of stores, it said.",15 hours ago,— Bloomberg Quint,https://www.ndtvprofit.com/business/bajaj-finance-bharti-airtel-collaborate-to-create-digital-platforms-for-financial-services
138,China Stresses Legal Boundaries For TikTok Amid Trump’s Acquisition Offer,TikTok has operated in the US for years and has been very popular with American users.,15 hours ago,— Bloomberg Quint,https://www.ndtvprofit.com/business/china-stresses-legal-boundaries-for-tiktok-amid-trumps-acquisition-offer
139,"Trump administration’s positives might outweigh its negatives, say global tech analysts",,15 hours ago,— The Hindu Business,https://www.thehindu.com/business/trump-administrations-positives-might-outweigh-its-negatives-say-global-tech-analysts/article69112618.ece
140,"Davos 2025: India Is A Key Growth Market For Siemens, Says CTO Peter Koerte","Essentially every product that Siemens is shipping is software enabled and the software has been most largely touched by Indian engineers, Koerte told NDTV Profit.",15 hours ago,— Bloomberg Quint,https://www.ndtvprofit.com/davos/india-is-a-key-growth-market-for-siemens-says-cto-peter-koerte
141,Chequered Flag Jan 20. Headlines At A Glance,"Today's top stories include Godrej stressing a uniform carbon tax, India surpassing China in renewable investments, Donald and Melania Trump's memecoin and more.",15.5 hours ago,— Bloomberg Quint,https://www.ndtvprofit.com/web-stories/chequered-flag-jan-20-headlines-at-a-glance
142,"Buy, Sell Or Hold: NTPC, Zomato, Kalyan Jewellers—Ask Profit","Stock market investors sought expert opinions on NTPC Ltd., Zomato, and Kalyan Jewellers, with analysts weighing in on whether to buy, sell, or hold these shares on NDTV Profit’s Ask Profit show.",15.5 hours ago,— Bloomberg Quint,https://www.ndtvprofit.com/markets/buy-sell-hold-ntpc-zomato-kalyan-jewellers-stock-analysis-ask-profit
143,"MCX Q3 Results: Profit Up 4%, Margin Expands",The commodity derivatives exchange has a market share of about 98%,16 hours ago,— Bloomberg Quint,https://www.ndtvprofit.com/quarterly-earnings/mcx-q3-results-profit-up-4-margin-expands
144,Your Guide To FII Positions For Jan. 21 Trade,FPI's were net sellers of index futures and stock options while they bought index options and stock futures.,16 hours ago,— Bloomberg Quint,https://www.ndtvprofit.com/markets/your-guide-to-fii-positions-for-jan-21-trade
145,Big Win For Vodafone Idea As Supreme Court Upholds Rs 1600 Crore Refund To The Telco,The top court dismissed the tax department’s appeal against the high court order on the ground of delay,16 hours ago,— Bloomberg Quint,https://www.ndtvprofit.com/business/big-win-for-vodafone-idea-as-supreme-court-upholds-rs-1600-crore-refund-to-the-telco
146,"IOB Q3 net profit rises 21% to ₹874 cr. on improved show, asset quality",,16.5 hours ago,— The Hindu Business,https://www.thehindu.com/business/iob-q3-net-profit-rises-21-to-874-cr-on-improved-show-asset-quality/article69120345.ece
147,"Sebi proposes broader definition of NPOs, expanded activities under Social Enterprise",Markets regulator Sebi on Monday proposed broadening the definition of Not-for-Profit Organizations (NPOs) and expanding eligible activities to include welfare for disadvantaged groups and promoting arts and culture as social enterprises.,16.5 hours ago,— Economic Times,https://economictimes.indiatimes.com/markets/stocks/news/sebi-proposes-broader-definition-of-npos-expanded-activities-under-social-enterprise/articleshow/117403017.cms
148,Ahead of Market: 10 things that will decide stock market action on Tuesday,"Indian markets closed higher Monday, led by gains in Kotak Mahindra Bank and Wipro after strong earnings, while Zomato's weak results weighed. Sensex gained 454 points, and Nifty rose 141 points.",17 hours ago,— Economic Times,https://economictimes.indiatimes.com/markets/stocks/news/ahead-of-market-10-things-that-will-decide-stock-market-action-on-tuesday/articleshow/117402927.cms
149,"Fintechs Switch To Direct Merchant Integration, Discontinue With Juspay",Fintech companies are switching from third-party routers and payment orchestration platforms and choosing to focus on direct integration with its merchant base.,17 hours ago,— Bloomberg Quint,https://www.ndtvprofit.com/business/fintechs-switch-to-direct-merchant-integration-discontinue-with-juspay
150,Former RBI deputy guv Jain to chair panel to evaluate bank licence applications,"The Reserve Bank of India has formed a new external committee, led by former deputy governor MK Jain, to evaluate applications for universal and small finance banks. Initial screening by the central bank will ensure eligibility, followed by the committee's assessment. This committee succeeds the one led by Shyama Gopinath, with members like Revathy Iyer and Hemant G Contractor.",17 hours ago,— Economic Times,https://economictimes.indiatimes.com/markets/stocks/news/former-rbi-deputy-guv-jain-to-chair-panel-to-evaluate-bank-licence-applications/articleshow/117410499.cms
151,"Centre lifts sugar export ban partially, industry welcomes move","Union Food Minister Pralhad Joshi says the move will ensure price stability, benefit farmers and workers, and strengthen the sugar sector",17 hours ago,— The Hindu Business,https://www.thehindu.com/business/Industry/centre-lifts-sugar-export-ban-partially-industry-welcomes-move/article69119696.ece
152,Indian Overseas Bank Q3 Earnings: Net Profit Rises 21% To Rs 874 Crore,The Chennai-based bank had earned a net profit of Rs 723 crore in the previous year's similar period.,17 hours ago,— Bloomberg Quint,https://www.ndtvprofit.com/quarterly-earnings/biz-result-iob
153,RBI’s forex chest has strength to absorb more blows to rupee,"RBI's forex reserves adequacy ratio stands strong at 236 percent, ensuring a stable rupee despite global currency pressures. With current reserves significantly higher than during the 2013 taper tantrum, there is ample scope for managed rupee depreciation without major financial stress.",17 hours ago,— Economic Times,https://economictimes.indiatimes.com/markets/forex/reserves-adequate-to-absorb-depreciation-impact-and-rbi-dollar-sales/articleshow/117410570.cms
154,"Paytm Aims To Turn Profitable In Next One–Two Quarters, Says CFO",The company aims to be efficient as an organisation and drive higher revenue growth.,17.5 hours ago,— Bloomberg Quint,https://www.ndtvprofit.com/quarterly-earnings/paytm-aims-to-turn-profitable-in-next-onetwo-quarters-says-cfo
155,"Voltas, Lumax Among 18 Firms Selected In PLI Scheme For ACs, LEDs; Rs 2,299-Crore Investment Committed","These companies include 10 manufacturers of components of AC and eight manufacturers of LED lights, the commerce ministry said.",17.5 hours ago,— Bloomberg Quint,https://www.ndtvprofit.com/business/voltas-lumax-among-18-firms-selected-in-pli-scheme-for-acs-leds-rs-2299-crore-investment-committed
156,RBI Appoints New Committee To Evaluate Bank Licenses For Universal And Small Finance Banks,"The tenure of the committee, which will be for three years, will be chaired by former RBI Deputy Governor M K Jain.",18 hours ago,— Bloomberg Quint,https://www.ndtvprofit.com/business/rbi-appoints-new-committee-to-evaluate-bank-licenses-for-universal-and-small-finance-banks
157,Mahanagar Gas Board To Consider Interim Dividend On Jan. 28,"Mahanagar Gas has fixed Jan. 31, 2025 as the record date to determine shareholders eligible for the interim dividend payout.",18 hours ago,— Bloomberg Quint,https://www.ndtvprofit.com/markets/mahanagar-gas-board-to-consider-interim-dividend-on-jan-28
158,Sebi approves IPOs of Hexaware Technologies and five others,"Hexaware Technologies, a global digital and technology services firm with AI at its core, filed its DRHP in September to raise Rs 9,950 crore via an IPO, entirely an offer for sale by CA Magnum Holdings, a Carlyle Group affiliate. Hexaware, delisted from Indian bourses in 2020, provides services in design, data, AI, cloud, and more.",18 hours ago,— Economic Times,https://economictimes.indiatimes.com/markets/ipos/fpos/sebi-approves-ipos-of-hexaware-technologies-and-five-others/articleshow/117401481.cms
159,"IOB plans to dilute govt's stake by up to 2.5% to raise Rs 2,000 crore","Indian Overseas Bank plans to raise ₹2,000 crore by selling shares to institutional investors, reducing government stake. Q3FY24 net profit rose 21% YoY to ₹874 crore, driven by strong income growth.",18.5 hours ago,— Economic Times,https://economictimes.indiatimes.com/markets/stocks/earnings/iob-plans-to-dilute-govts-stake-by-up-to-2-5-to-raise-rs-2000-crore/articleshow/117401200.cms
160,"UPI-Credit Card Payment Dispute: On4Off, NPCI To Mediate On Differences","On4Off has accused NPCI of unauthorised use of its patented technology, alleging Rs100 crore in RuPay credit card transactions via UPI QR codes in October 2023 alone.",18.5 hours ago,— Bloomberg Quint,https://www.ndtvprofit.com/law-and-policy/delhi-high-court-on4off-npci-upi-credit-card-dispute-mediation
161,"Oberoi Realty Announces Third Interim Dividend For FY25, Fixes Record Date","Oberoi Realty's board has declared a third interim dividend of Rs 2 per equity share, and fixed Jan. 24 as the record date for the same.",18.5 hours ago,— Bloomberg Quint,https://www.ndtvprofit.com/quarterly-earnings/oberoi-realty-announces-third-interim-dividend-for-fy25-fixes-record-date
162,Waaree Energies Bags Major Solar-Module Contract,The renewable energy company will supply solar PV modules with a capacity of 180 megawatt peak.,19 hours ago,— Bloomberg Quint,https://www.ndtvprofit.com/business/waaree-energies-bags-major-solar-module-contract
163,Tech View: Nifty forms a bullish hammer pattern. What traders should do on Tuesday,"Om Mehra, SAMCO Securities, notes that Nifty's daily chart shows a bullish hammer pattern, hinting at a trend reversal. After consolidating around 23,150–23,200, the index seems poised for an upward move. Positive RSI divergence and a narrowing MACD histogram indicate reduced bearish pressure, supporting potential consolidation or a minor pullback before further gains.",19 hours ago,— Economic Times,https://economictimes.indiatimes.com/markets/stocks/news/tech-view-nifty-forms-a-bullish-hammer-pattern-what-traders-should-do-on-tuesday/articleshow/117400785.cms
164,"FPIs Sell Rs 4,337 Crore, Stay Net Sellers For 12th Straight Session","The DIIs have been buyers for 23 consecutive sessions and bought stocks worth Rs 4,322 crore.",19 hours ago,— Bloomberg Quint,https://www.ndtvprofit.com/markets/fpis-sell-rs-4337-crore-stay-net-sellers-for-12th-straight-session
165,Two Sharp with ET: Zomato tanks on Q3 miss; Sensex & Nifty close in green,,19 hours ago,— Economic Times,https://economictimes.indiatimes.com/markets/stocks/news/two-sharp-with-et-zomato-tanks-on-q3-miss-sensex-nifty-close-in-green/videoshow/117400539.cms
166,MRPL Q3 Results: Net profit drops 21% YoY to Rs 309 crore,"Mangalore Refinery and Petrochemicals Ltd (MRPL) on Monday reported a 21 per cent drop in its third-quarter net profit as revenues slid, negating a rise in refinery margins.",19 hours ago,— Economic Times,https://economictimes.indiatimes.com/markets/stocks/earnings/mrpl-q3-results-net-profit-drops-21-yoy-to-rs-309-crore/articleshow/117400506.cms
167,"These 7 smallcap stocks hit fresh 52-week highs, rallied up to 55% in a month","A 52-week high is a key metric for traders and investors, indicating a stock's peak value over the past year. It helps assess the stock's market position and provides insights into its future growth potential.",19 hours ago,— Economic Times,https://economictimes.indiatimes.com/markets/stocks/news/these-7-smallcap-stocks-hit-fresh-52-week-highs-rallied-up-to-55-in-a-month/slideshow/117400381.cms
168,RBI’s new guidelines to ease business for ARCs,"RBI has revised the guidelines for asset reconstruction companies (ARCs), allowing them to settle dues with borrowers after evaluating recovery possibilities. ARCs are now required to frame a board-approved settlement policy. For accounts with over Rs 1 crore, proposals must still be reviewed by an Independent Advisory Committee (IAC). These changes aim to speed up the resolution process.",19 hours ago,— Economic Times,https://economictimes.indiatimes.com/markets/stocks/news/rbi-eases-settlement-norms-for-arcs-resolutions-could-quicken/articleshow/117410596.cms
169,"Davos 2025: Climate-Change Challenge Serious, Need Uniform Carbon Tax, Says Nadir Godrej","A uniform carbon tax collected by individual states holds the potential of effectively addressing this problem, he says.",19 hours ago,— Bloomberg Quint,https://www.ndtvprofit.com/business/davos-2025-climate-change-challenge-serious-need-uniform-carbon-tax-says-nadir-godrej
170,EV Sales Must Hit 50% By 2030 To Meet Net Zero Goal: Bhupender Yadav,The Environment Minister was addressing the Third International Conference on Sustainable Circularity.,19 hours ago,— Bloomberg Quint,https://www.ndtvprofit.com/technology/ev-sales-must-hit-50-by-2030-to-meet-net-zero-goal-bhupender-yadav
171,Siemens Secures Rs 210-Crore Order For Electrification Of Sivok-Rangpo Rail Line,"Shares of Siemens closed 0.76% higher at Rs 6,136.45 apiece on the National Stock Exchange, compared to a 0.61% rise in the benchmark Nifty.",19.5 hours ago,— Bloomberg Quint,https://www.ndtvprofit.com/business/siemens-secures-rs-210-crore-order-for-electrification-of-sivok-rangpo-rail-line
172,Amitabh Bachchan Sells Duplex Apartment In Mumbai's Oshiwara For Rs 83 Crore,"The premium property is spread over a built-up area of 529.94 square metres, or about 5,704 square feet.",19.5 hours ago,— Bloomberg Quint,https://www.ndtvprofit.com/real-estate/amitabh-bachchan-sells-duplex-apartment-in-mumbais-oshiwara-for-rs-83-crore
173,Fitch upgrades Vedanta Resources' ratings with stable outlook,"Fitch has upgraded Vedanta Resources Ltd's (VRL) long-term foreign-currency issuer default rating following a ""significant reduction"" in the company's refinancing risks.",19.5 hours ago,— Economic Times,https://economictimes.indiatimes.com/markets/stocks/news/fitch-upgrades-vedanta-resources-ratings-with-stable-outlook/articleshow/117399411.cms
174,"Gold trades flat at Rs 82,000 per 10gm; silver slides Rs 500 on weak demand","Gold prices remained flat at Rs 82,000 per 10 grams in the national capital on Monday, according to the All India Sarafa Association. Traders waited for US President-elect Donald Trump's inaugural address later on Monday before placing any directional bets, marketmen said.",19.5 hours ago,— Economic Times,https://economictimes.indiatimes.com/markets/commodities/gold-trades-flat-at-rs-82000-per-10gm-silver-slides-rs-500-on-weak-demand/articleshow/117399384.cms
175,"Nazara Tech To Use Rs 495 Crore From Axana Estates For Investments, Acquisitions: CEO","According to Nitish Mittersain, the company’s vision is to obtain multiple gaming companies with well-established gaming IPs.",20 hours ago,— Bloomberg Quint,https://www.ndtvprofit.com/business/nazara-tech-to-use-rs-495-crore-from-axana-estates-for-investments-acquisitions-ceo
176,SBI General Insurance PAT skyrockets 273% in first nine months of FY25 to Rs 504 crore,"SBI General Insurance's nine-month PAT surged 273% YoY to ₹504 crore, driven by strong motor and health segment growth, improved loss ratios, and a 10.9% rise in gross written premiums.",20 hours ago,— Economic Times,https://economictimes.indiatimes.com/markets/stocks/earnings/sbi-general-insurance-pat-skyrockets-273-in-first-nine-months-of-fy25-to-rs-504-crore/articleshow/117399052.cms
177,Zomato Expects Losses To Continue While Quick-Commerce Competition Brakes Blinkit Margin,Zomato attributed the quarterly increase in its depreciation costs to a higher capex.,20 hours ago,— Bloomberg Quint,https://www.ndtvprofit.com/quarterly-earnings/zomato-expects-losses-to-continue-while-quick-commerce-competition-brakes-blinkit-margin
178,India at forefront of age defined by tech evolution: WEF report,The Centre for the Fourth Industrial Revolution (C4IR) India launched its 6-year impact journey report on the inaugural day of the World Economic Forum Annual meeting 2025.,20.5 hours ago,— The Hindu Business,https://www.thehindu.com/business/Economy/india-at-forefront-of-age-defined-by-tech-evolution-wef-report/article69119315.ece
179,"Stock markets rally on firm global trends, spike in Kotak Bank","Sensex and Nifty surge over 450 points, led by banking stocks; Kotak Mahindra Bank shines, global markets positive",20.5 hours ago,— The Hindu Business,https://www.thehindu.com/business/markets/stock-markets-rally-on-firm-global-trends-spike-in-kotak-bank/article69119205.ece
180,"Trade Setup For Jan. 21: Nifty Tests 23,200 As Key Support","The index gained 142 points to close at 23,345, driven by strong global cues and robust third quarter earnings on Monday.",20.5 hours ago,— Bloomberg Quint,https://www.ndtvprofit.com/markets/trade-setup-for-jan-21-nifty-tests-23200-as-key-support
181,Strides Pharma's Arm Gets US FDA Approval For Pain Relief Tablets,Strides Pharma has received the approval for Acetaminophen and Ibuprofen over-the-counter tablets of 125 mg and 250 mg from the US FDA.,20.5 hours ago,— Bloomberg Quint,https://www.ndtvprofit.com/business/strides-pharmas-arm-gets-us-fda-approval-for-pain-relief-tablets
182,Top 6 FII-favoured smallcap stocks surge over 150% in FY25,"Tracking foreign institutional investors (FIIs) can offer valuable insights, as an ETMarkets study found FIIs increased investments in 173 small-cap stocks in FY25’s first three quarters, with 16 becoming multibaggers and 6 surging over 150%.",20.5 hours ago,— Economic Times,https://economictimes.indiatimes.com/markets/stocks/news/top-6-fii-favoured-smallcap-stocks-surge-over-150-in-fy25/slideshow/117398131.cms
183,Nifty Outlook for January 20-24 seems bullish: Harshubh Mahesh Shah,,20.5 hours ago,— Economic Times,https://economictimes.indiatimes.com/markets/stocks/news/nifty-outlook-for-january-20-24-seems-bullish-harshubh-mahesh-shah/videoshow/117397839.cms
184,"Paytm reports 36% YoY fall in December operational revenue, net loss down slightly at Rs 208 crore","Paytm narrowed its Q3 net loss to ₹208.5 crore from ₹221 crore YoY, despite a 36% revenue drop to ₹1,827 crore, supported by cost-cutting measures and gains from asset sales.",21 hours ago,— Economic Times,https://economictimes.indiatimes.com/markets/stocks/earnings/paytm-reports-36-yoy-fall-in-december-operational-revenue-net-loss-down-slightly-at-rs-208-crore/articleshow/117397559.cms
185,"Davos 2025: India Overtaken China In Renewable Energy Investments, Says Dassault's Florence Verzelen","The auto market in India is also thriving, with global companies recognising the need to innovate within the country.",21 hours ago,— Bloomberg Quint,https://www.ndtvprofit.com/davos/davos-2025-india-overtaken-china-in-renewable-energy-investments-says-dassaults-florence-verzelen
186,"Stock Market Highlights: Nifty, Sensex Clock Second-Best Session Of 2025; Kotak, HDFC Bank Top Gainers","Intraday, the NSE Nifty 50 advanced 0.81% to 23,391, and the S&P BSE Sensex rose 0.91% to 77,318.9.",21 hours ago,— Bloomberg Quint,https://www.ndtvprofit.com/markets/stock-market-highlights-nifty-sensex-clock-second-best-session-of-2025-kotak-hdfc-bank-top-gainers
187,RBI Tightens Guidelines For Settlement Of Dues With Asset Reconstruction Firms,ARCs must get settlement proposals cleared by an independent advisory committee.,21 hours ago,— Bloomberg Quint,https://www.ndtvprofit.com/business/rbi-tightens-guidelines-for-settlement-of-dues-with-asset-reconstruction-firms
188,"Zomato shares plunge over 7% on PAT fall, food business slowdown","Zomato Share Price: Zomato reported a 57% drop in December quarter net profit to Rs 59 crore, down from Rs 138 crore a year ago. Sequentially, PAT fell 66% from Rs 176 crore in Q2FY25. Announced late in Monday's session, the results triggered a sell-off with over 10 crore shares traded on the NSE by market close.",21 hours ago,— Economic Times,https://economictimes.indiatimes.com/markets/stocks/news/zomato-shares-plunge-over-7-on-pat-fall-food-business-slowdown/articleshow/117396919.cms
189,"From Kotak Mahindra Bank To Wipro, SBI Life: Nifty 50 Top Gainers And Losers On Jan. 20",Kotak Mahindra Bank and Wipro saw big gains after their third-quarter results were received well by investors.,21.5 hours ago,— Bloomberg Quint,https://www.ndtvprofit.com/markets/from-kotak-mahindra-bank-to-wipro-sbi-life-nifty-50-top-gainers-and-losers-on-jan-20
190,"Zomato Q3 Results: Profit Down 66%, Misses Estimates","However, the company's revenue showed growth, increasing by 12.6% to Rs 5,045 crore for the quarter.",21.5 hours ago,— Bloomberg Quint,https://www.ndtvprofit.com/quarterly-earnings/zomato-q3-results-profit-down-66-misses-estimates
191,"Denta Water And Infra Solutions IPO: Price Band, Financials, Risks — All You Need To Know",Denta Water and Infra Solutions will use the proceeds from the IPO for meeting working capital requirements and for general corporate purpose.,21.5 hours ago,— Bloomberg Quint,https://www.ndtvprofit.com/ipos/denta-water-and-infra-solutions-ipo-price-band-financials-risks-all-you-need-to-know
192,"ICICI Securities Q3 Results: Profit climbs 8% YoY to Rs 504 crore, revenue jumps 20%","ICICI Securities reported an 8.3% YoY rise in Q3 profit at ₹504.46 crore, with revenue increasing 20% to ₹1,585.97 crore. Its delisting plans have also advanced post-NCLT approval.",21.5 hours ago,— Economic Times,https://economictimes.indiatimes.com/markets/stocks/news/icici-securities-q3-results-profit-climbs-8-yoy-to-rs-504-crore-revenue-jumps-20/articleshow/117396160.cms
193,Rupee Closes Stronger Against US Dollar After Two-Sessions Of Weakness,Oil prices fell on Monday as investors await Donald Trump's comments on Russia oil sanctions in his inauguration speech tonight.,21.5 hours ago,— Bloomberg Quint,https://www.ndtvprofit.com/markets/rupee-closes-stronger-against-us-dollar-after-two-sessions-of-weakness
194,Trump's return adds new twist to Western firms' Russia exit dilemma,,21.5 hours ago,— The Hindu Business,https://www.thehindu.com/business/analysis-trumps-return-adds-new-twist-to-western-firms-russia-exit-dilemma/article69119091.ece
195,Bank of Japan poised to raise rates to highest in 17 years,,21.5 hours ago,— The Hindu Business,https://www.thehindu.com/business/bank-of-japan-poised-to-raise-rates-to-highest-in-17-years/article69119082.ece
196,China's ageing villages face yawning healthcare gap in fragile economy,,21.5 hours ago,— The Hindu Business,https://www.thehindu.com/business/chinas-ageing-villages-face-yawning-healthcare-gap-in-fragile-economy/article69119065.ece
197,"SBI Life Insurance's Growth Looks Predictable Post Q3 Results, Analysts Say","Emkay Global has raised the target price for SBI Life Insurance's stock to Rs 1,850 from Rs 1,750 apiece, in view of favourable valuations and improved growth visibility.",22 hours ago,— Bloomberg Quint,https://www.ndtvprofit.com/markets/sbi-life-insurances-growth-looks-predictable-post-q3-results-analysts-say
198,"If Boeing deliveries were timely, more of our pilots would be flying, says Akasa Air CEO Vinay Dube",Most of the 300 pilots benched at the airline will fly by 2025 end; CEO declined to divulge number of deliveries expected this calendar year,22.5 hours ago,— The Hindu Business,https://www.thehindu.com/business/Industry/telephone-conversation-with-akasa-air-founder-and-ceo-vinay-dube/article69118972.ece
199,"IDBI Bank Q3 Results: Standalone net profit jumps 31% YoY to Rs 1,908 cr, NII rises 23%","IDBI Bank Q3 Results: The net interest income (NII) surges 23% year-on-year to Rs 4,229 crore.",22.5 hours ago,— Economic Times,https://economictimes.indiatimes.com/markets/stocks/earnings/idbi-bank-q3-results-standalone-net-profit-jumps-31-yoy-to-rs-1908-cr-nii-rises-21/articleshow/117394509.cms
200,Budget 2025: Government Moots Proposal To Relax AGR Dues Payout,"This proposal, if implemented, will come as a huge relief to the telecom companies, and especially to the debt-laden Vodafone Idea.",22.5 hours ago,— Bloomberg Quint,https://www.ndtvprofit.com/law-and-policy/budget-2025-government-moots-proposal-to-relax-agr-dues-payout
201,"IRFC Q2 Results: Profit Up 2%, Shares Rise","IRFC posted a profit of Rs 1,631 crore in the quarter ended December, as compared to Rs 1,593 crore in the same period last year",22.5 hours ago,— Bloomberg Quint,https://www.ndtvprofit.com/quarterly-earnings/irfc-q2-results-profit-up-2-shares-rise
202,Nazara Technologies To Raise Rs 495 Crore From Axana Estates; Share Price Surges Over 5%,"The shares of Nazara Technologies rose as much as 5.14% to Rs 1,075 apiece, the highest level since Jan. 10.",22.5 hours ago,— Bloomberg Quint,https://www.ndtvprofit.com/markets/nazara-technologies-to-raise-rs-495-crore-from-axana-estates-share-price-surges-over-5
203,"Maruti Suzuki, Hyundai Motor India, M&M — Motilal Oswal's Top Picks After EV Lineup In Bharat Mobility Show","India’s electric car segment is set to witness intensified competition, with players like China's BYD and Vietnam's Vinfast aiming to establish a strong presence in the market, Motilal Oswal said.",22.5 hours ago,— Bloomberg Quint,https://www.ndtvprofit.com/auto/maruti-suzuki-hyundai-motor-india-mm-motilal-oswals-top-picks-after-ev-lineup-in-bharat-mobility-show
204,Groww IPO: Parent Billionbrains Garag Seeks $8 Billion Valuation,"The company behind financial services platform Groww Invest Tech Pvt. Ltd. could proceed with an IPO this year, the people said, seizing on the momentum for share sales in India.",23 hours ago,— Bloomberg Quint,https://www.ndtvprofit.com/ipos/groww-ipo-parent-billionbrains-garag-seeks-8-billion-valuation
205,"Donald Trump Inauguration: 'In 2-3 Months, We’ll See Axis Of His Policymaking,' Says Harish Krishnan",Krishnan emphasised that the market could experience volatility driven by Trump's rhetoric and policy decisions.,23 hours ago,— Bloomberg Quint,https://www.ndtvprofit.com/markets/donald-trump-inauguration-in-2-3-months-well-see-axis-of-his-policymaking-says-harish-krishnan
206,"Rupee Woes: Airlines Brace For Profit Squeeze, International Fares May Soar","The rapidly falling rupee has already messed up costs, but what is even more worrying is that we don't have any visibility on when this will end, said Mark Martin.",23 hours ago,— Bloomberg Quint,https://www.ndtvprofit.com/business/rupee-woes-airlines-brace-for-profit-squeeze-international-fares-may-soar
207,ITC Hotels Likely To Start Trading Before Budget 2025,"While ITC has not confirmed the date of listing, a company spokesperson told NDTV Profit that it will take place within a couple of weeks, following the issuance of pending approvals.",23.5 hours ago,— Bloomberg Quint,https://www.ndtvprofit.com/markets/itc-hotels-listing-date-shares-likely-to-start-trading-before-budget-2025
208,Bitcoin Rises To Fresh Record Ahead Of Donald Trump Inauguration,"Bitcoin, second-ranked token Ether and XRP all rose rapidly on Monday morning in London, with traders counting down the hours until Trump once again assumes control of the White House.",23.5 hours ago,— Bloomberg Quint,https://www.ndtvprofit.com/crypto/bitcoin-rises-to-fresh-record-ahead-of-donald-trump-inauguration
209,Brent crude slips 0.35% to $80.51 as investors eye Trump move on Russian export curbs,Oil prices fell on Monday as expectations of U.S. President-elect Donald Trump relaxing curbs on Russia's energy sector in exchange for a deal to end the Ukraine war offset concern of supply disruption from harsher sanctions.,23.5 hours ago,— Economic Times,https://economictimes.indiatimes.com/markets/commodities/news/brent-crude-slips-0-35-to-80-51-as-investors-eye-trump-move-on-russian-export-curbs/articleshow/117392588.cms
210,"Trump To Declare National Energy Emergency, Unlocking New Powers","Trump would enable new oil and gas development on federal lands, while directing a rollback of Biden-era climate regulations, said the people in the know.",23.5 hours ago,— Bloomberg Quint,https://www.ndtvprofit.com/world/trump-to-declare-national-energy-emergency-unlocking-new-powers
211,"New AC, LED Makers Shortlisted For PLI Scheme Commit Rs 2,300 Crore Investment","Six existing PLI beneficiaries have been upgraded to higher investment categories under the scheme's third round, committing an additional Rs 1,217 crore.",23.5 hours ago,— Bloomberg Quint,https://www.ndtvprofit.com/business/pli-scheme-new-shortlisted-ac-led-makers-commit-rs-2300-crore-investment
212,Chinese Vice President Meets Musk Before Trump Takes Office,"Han said US firms were welcome in China during the sitdown in Washington on Sunday with Musk, who is Tesla’s CEO and a member of the incoming administration.",1 day ago,— Bloomberg Quint,https://www.ndtvprofit.com/world/chinese-vice-president-meets-musk-before-trump-takes-office
213,Neither Rupee nor stock market to look very healthy after Trump comes to power:  Swaminathan Aiyar,"Swaminathan Aiyar warns of economic challenges for India under Trump's presidency, citing potential trade tariffs and a shift to American treasuries. He advises caution in retaliating against U.S. tariffs and highlights the risks of Chinese aggression in East Asia. Additionally, Aiyar notes the impact on foreign investments, H-1B visas, and climate policies.",1 day ago,— Economic Times,https://economictimes.indiatimes.com/markets/expert-view/neither-rupee-nor-stock-market-to-look-very-healthy-after-trump-comes-to-power-swaminathan-aiyar/articleshow/117391058.cms
214,Crypto Clash: Melania takes on Trump in a high-stakes battle for digital riches,,1 day ago,— Economic Times,https://economictimes.indiatimes.com/markets/stocks/news/crypto-clash-melania-takes-on-trump-in-a-high-stakes-battle-for-digital-riches/slideshow/117391434.cms
215,Laxmi Dental shares rally over 10% after listing. What should investors do?,"Laxmi Dental shares debuted at Rs 542 on the NSE, rising 7.7% to Rs 584, with a market cap of Rs 3,119.10 crore. On the BSE, the stock opened at Rs 528, a 23.4% premium, valuing the firm at Rs 3,126 crore. The strong listing aligned with market expectations, supported by a Rs 145 grey market premium, 33.9% above the issue price.",1 day ago,— Economic Times,https://economictimes.indiatimes.com/markets/stocks/news/laxmi-dental-shares-rally-over-10-after-listing-what-should-investors-do/articleshow/117391130.cms
